{
  "gameTitle": "SATOR – Office Quest",
  "totalLevels": 7,
  "levels": [
    {
      "level": 1,
      "careerStage": "Intern Day",
      "difficulty": "Easy",
      "theme": "Basics & Orientation",
      "salesDataSet":{
        "currency": "INR",
        "generatedFor": "Sales Learning Game",
        "salesData": [
          {
            "id": 1,
            "product": "Laptop",
            "category": "Electronics",
            "unitsSold": 45,
            "unitPrice": 55000,
            "totalSales": 2475000,
            "region": "North"
          },
          {
            "id": 2,
            "product": "Smartphone",
            "category": "Electronics",
            "unitsSold": 120,
            "unitPrice": 20000,
            "totalSales": 2400000,
            "region": "South"
          },
          {
            "id": 3,
            "product": "Tablet",
            "category": "Electronics",
            "unitsSold": 60,
            "unitPrice": 18000,
            "totalSales": 1080000,
            "region": "West"
          },
          {
            "id": 4,
            "product": "Smart Watch",
            "category": "Wearables",
            "unitsSold": 80,
            "unitPrice": 8000,
            "totalSales": 640000,
            "region": "East"
          },
          {
            "id": 5,
            "product": "Headphones",
            "category": "Accessories",
            "unitsSold": 150,
            "unitPrice": 2500,
            "totalSales": 375000,
            "region": "North"
          },
          {
            "id": 6,
            "product": "Keyboard",
            "category": "Accessories",
            "unitsSold": 90,
            "unitPrice": 1500,
            "totalSales": 135000,
            "region": "South"
          },
          {
            "id": 7,
            "product": "Mouse",
            "category": "Accessories",
            "unitsSold": 110,
            "unitPrice": 900,
            "totalSales": 99000,
            "region": "West"
          },
          {
            "id": 8,
            "product": "Monitor",
            "category": "Electronics",
            "unitsSold": 40,
            "unitPrice": 12000,
            "totalSales": 480000,
            "region": "East"
          },
          {
            "id": 9,
            "product": "Printer",
            "category": "Office",
            "unitsSold": 25,
            "unitPrice": 15000,
            "totalSales": 375000,
            "region": "North"
          },
          {
            "id": 10,
            "product": "Scanner",
            "category": "Office",
            "unitsSold": 20,
            "unitPrice": 10000,
            "totalSales": 200000,
            "region": "South"
          },
          {
            "id": 11,
            "product": "Router",
            "category": "Networking",
            "unitsSold": 70,
            "unitPrice": 3000,
            "totalSales": 210000,
            "region": "West"
          },
          {
            "id": 12,
            "product": "Power Bank",
            "category": "Accessories",
            "unitsSold": 130,
            "unitPrice": 1800,
            "totalSales": 234000,
            "region": "East"
          },
          {
            "id": 13,
            "product": "USB Drive",
            "category": "Storage",
            "unitsSold": 200,
            "unitPrice": 700,
            "totalSales": 140000,
            "region": "North"
          },
          {
            "id": 14,
            "product": "External HDD",
            "category": "Storage",
            "unitsSold": 55,
            "unitPrice": 4500,
            "totalSales": 247500,
            "region": "South"
          },
          {
            "id": 15,
            "product": "SSD",
            "category": "Storage",
            "unitsSold": 65,
            "unitPrice": 6500,
            "totalSales": 422500,
            "region": "West"
          },
          {
            "id": 16,
            "product": "Webcam",
            "category": "Accessories",
            "unitsSold": 75,
            "unitPrice": 2200,
            "totalSales": 165000,
            "region": "East"
          },
          {
            "id": 17,
            "product": "Microphone",
            "category": "Accessories",
            "unitsSold": 50,
            "unitPrice": 3500,
            "totalSales": 175000,
            "region": "North"
          },
          {
            "id": 18,
            "product": "Speakers",
            "category": "Audio",
            "unitsSold": 85,
            "unitPrice": 4000,
            "totalSales": 340000,
            "region": "South"
          },
          {
            "id": 19,
            "product": "Projector",
            "category": "Electronics",
            "unitsSold": 18,
            "unitPrice": 32000,
            "totalSales": 576000,
            "region": "West"
          },
          {
            "id": 20,
            "product": "UPS",
            "category": "Power",
            "unitsSold": 35,
            "unitPrice": 6000,
            "totalSales": 210000,
            "region": "East"
          },
          {
            "id": 21,
            "product": "Graphics Card",
            "category": "Components",
            "unitsSold": 22,
            "unitPrice": 45000,
            "totalSales": 990000,
            "region": "North"
          },
          {
            "id": 22,
            "product": "Processor",
            "category": "Components",
            "unitsSold": 30,
            "unitPrice": 25000,
            "totalSales": 750000,
            "region": "South"
          },
          {
            "id": 23,
            "product": "Motherboard",
            "category": "Components",
            "unitsSold": 28,
            "unitPrice": 12000,
            "totalSales": 336000,
            "region": "West"
          },
          {
            "id": 24,
            "product": "RAM",
            "category": "Components",
            "unitsSold": 90,
            "unitPrice": 4000,
            "totalSales": 360000,
            "region": "East"
          },
          {
            "id": 25,
            "product": "Cooling Fan",
            "category": "Components",
            "unitsSold": 95,
            "unitPrice": 1200,
            "totalSales": 114000,
            "region": "North"
          },
          {
            "id": 26,
            "product": "Cabinet",
            "category": "Components",
            "unitsSold": 40,
            "unitPrice": 3500,
            "totalSales": 140000,
            "region": "South"
          },
          {
            "id": 27,
            "product": "VR Headset",
            "category": "Gaming",
            "unitsSold": 15,
            "unitPrice": 28000,
            "totalSales": 420000,
            "region": "West"
          },
          {
            "id": 28,
            "product": "Game Controller",
            "category": "Gaming",
            "unitsSold": 65,
            "unitPrice": 4500,
            "totalSales": 292500,
            "region": "East"
          },
          {
            "id": 29,
            "product": "Gaming Chair",
            "category": "Gaming",
            "unitsSold": 20,
            "unitPrice": 18000,
            "totalSales": 360000,
            "region": "North"
          },
          {
            "id": 30,
            "product": "Console",
            "category": "Gaming",
            "unitsSold": 25,
            "unitPrice": 42000,
            "totalSales": 1050000,
            "region": "South"
          }
        ]
      },
      "tasks": [
        {
          "taskId": 1,
          "type": "excel",
          "skill": "SUM",
          "situation": "The sales intern left early. Your manager needs the total sales figure from today’s data before the evening review meeting.",
          "expectedAnswer": "=SUM(B2:B6)",
          "points": 50,
          "timeLimit": 40
        },
        {
          "taskId": 2,
          "type": "excel",
          "skill": "AVERAGE",
          "situation": "HR wants to know the average daily attendance of interns to evaluate punctuality.",
          "expectedAnswer": "=AVERAGE(C2:C6)",
          "points": 50,
          "timeLimit": 40
        },
        {
          "taskId": 3,
          "type": "excel",
          "skill": "MAX",
          "situation": "Finance asks you to identify the highest expense recorded today to flag abnormal spending.",
          "expectedAnswer": "=MAX(D2:D6)",
          "points": 50,
          "timeLimit": 35
        },
        {
          "taskId": 4,
          "type": "excel",
          "skill": "MIN",
          "situation": "Your supervisor wants to know the lowest revenue day to understand performance drops.",
          "expectedAnswer": "=MIN(E2:E6)",
          "points": 50,
          "timeLimit": 35
        },
        {
          "taskId": 5,
          "type": "excel",
          "skill": "COUNT",
          "situation": "Operations asks how many transaction entries were recorded today.",
          "expectedAnswer": "=COUNT(A2:A20)",
          "points": 50,
          "timeLimit": 30
        },
        {
          "taskId": 6,
          "type": "ppt",
          "skill": "Slide Layout",
          "situation": "You are preparing an onboarding presentation. Choose the most suitable layout for the title slide.",
          "expectedAnswer": "Title Slide",
          "points": 40,
          "timeLimit": 25
        },
        {
          "taskId": 7,
          "type": "ppt",
          "skill": "Content Layout",
          "situation": "Your manager wants a slide that clearly presents text with a heading and bullets.",
          "expectedAnswer": "Title and Content",
          "points": 40,
          "timeLimit": 25
        },
        {
          "taskId": 8,
          "type": "excel",
          "skill": "SUM",
          "situation": "HR needs the total working hours of interns combined for payroll verification.",
          "expectedAnswer": "=SUM(F2:F6)",
          "points": 50,
          "timeLimit": 30
        },
        {
          "taskId": 9,
          "type": "ppt",
          "skill": "Professional Design",
          "situation": "Design a simple, professional slide for intern guidelines.",
          "expectedAnswer": "Minimal Layout",
          "points": 40,
          "timeLimit": 25
        },
        {
          "taskId": 10,
          "type": "excel",
          "skill": "Verification",
          "situation": "Before submission, your manager asks you to verify totals using a proper Excel formula.",
          "expectedAnswer": "=SUM(B2:B6)",
          "points": 60,
          "timeLimit": 30
        }
      ]
    },

    {
      "level": 2,
      "careerStage": "Junior Executive",
      "difficulty": "Easy–Medium",
      "theme": "Logical Decisions",
      "tasks": [
        {
          "taskId": 1,
          "type": "excel",
          "skill": "IF",
          "situation": "Sales management wants to automatically mark whether the daily sales target is achieved.",
          "expectedAnswer": "=IF(B2>=50000,\"Target Met\",\"Not Met\")",
          "points": 70,
          "timeLimit": 35
        },
        {
          "taskId": 2,
          "type": "excel",
          "skill": "IF",
          "situation": "HR needs salary slips labeled as eligible for bonus if salary exceeds ₹30,000.",
          "expectedAnswer": "=IF(C2>30000,\"Eligible\",\"Not Eligible\")",
          "points": 70,
          "timeLimit": 35
        },
        {
          "taskId": 3,
          "type": "excel",
          "skill": "Logical Check",
          "situation": "Operations asks you to flag overtime hours exceeding standard limits.",
          "expectedAnswer": "=IF(D2>8,\"Overtime\",\"Normal\")",
          "points": 70,
          "timeLimit": 35
        },
        {
          "taskId": 4,
          "type": "ppt",
          "skill": "Fonts",
          "situation": "Your presentation is for clients. Select a professional font style.",
          "expectedAnswer": "Calibri",
          "points": 50,
          "timeLimit": 25
        },
        {
          "taskId": 5,
          "type": "ppt",
          "skill": "Theme Selection",
          "situation": "Management requests a corporate-looking slide theme.",
          "expectedAnswer": "Office Theme",
          "points": 50,
          "timeLimit": 25
        }
      ]
    },
    {
      "level": 3,
      "careerStage": "Analyst",
      "difficulty": "Medium",
      "theme": "Insights & Visualization",
      "tasks": [
        {
          "taskId": 1,
          "type": "excel",
          "skill": "COUNTIF",
          "situation": "Management wants to know how many employees belong to the Sales department.",
          "expectedAnswer": "=COUNTIF(B2:B50,\"Sales\")",
          "points": 100,
          "timeLimit": 40
        },
        {
          "taskId": 2,
          "type": "excel",
          "skill": "SUMIF",
          "situation": "Finance needs the total revenue generated only from profitable regions.",
          "expectedAnswer": "=SUMIF(C2:C50,\"Profit\",D2:D50)",
          "points": 100,
          "timeLimit": 40
        },
        {
          "taskId": 3,
          "type": "ppt",
          "skill": "Charts",
          "situation": "Your manager asks for a visual representation of monthly sales trends.",
          "expectedAnswer": "Column Chart",
          "points": 80,
          "timeLimit": 30
        }
      ]
    },
    {
      "level": 4,
      "careerStage": "Senior Analyst",
      "difficulty": "Medium–Hard",
      "theme": "Data Linking & Validation",
      "tasks": [
        {
          "taskId": 1,
          "type": "excel",
          "skill": "VLOOKUP",
          "situation": "HR has employee IDs in one sheet and salary details in another. You are asked to fetch the salary of an employee using their ID to avoid manual errors.",
          "expectedAnswer": "=VLOOKUP(A2,Sheet2!A:B,2,FALSE)",
          "validationType": "formula",
          "points": 120,
          "timeLimit": 45
        },
        {
          "taskId": 2,
          "type": "excel",
          "skill": "XLOOKUP",
          "situation": "Finance wants a more flexible lookup method to fetch department budgets without column order dependency.",
          "expectedAnswer": "=XLOOKUP(A2,A:A,B:B)",
          "validationType": "formula",
          "points": 120,
          "timeLimit": 45
        },
        {
          "taskId": 3,
          "type": "excel",
          "skill": "IFERROR",
          "situation": "Management reports errors in lookup results. You are asked to handle missing records gracefully.",
          "expectedAnswer": "=IFERROR(VLOOKUP(A2,B:C,2,FALSE),\"Not Found\")",
          "validationType": "formula",
          "points": 130,
          "timeLimit": 40
        },
        {
          "taskId": 4,
          "type": "excel",
          "skill": "Data Consistency",
          "situation": "You must ensure all fetched data matches the source to avoid reporting discrepancies.",
          "expectedAnswer": "=EXACT(A2,B2)",
          "validationType": "formula",
          "points": 130,
          "timeLimit": 40
        },
        {
          "taskId": 5,
          "type": "ppt",
          "skill": "Linked Tables",
          "situation": "Your manager wants Excel data reflected automatically in PowerPoint slides.",
          "expectedAnswer": "Paste Special – Link",
          "validationType": "text",
          "points": 100,
          "timeLimit": 30
        },
        {
          "taskId": 6,
          "type": "ppt",
          "skill": "Comparison Slide",
          "situation": "Prepare a slide comparing department-wise costs.",
          "expectedAnswer": "Comparison Layout",
          "validationType": "text",
          "points": 100,
          "timeLimit": 30
        },
        {
          "taskId": 7,
          "type": "excel",
          "skill": "MATCH",
          "situation": "You are asked to locate the position of a specific employee in a large dataset.",
          "expectedAnswer": "=MATCH(A2,A:A,0)",
          "validationType": "formula",
          "points": 120,
          "timeLimit": 35
        },
        {
          "taskId": 8,
          "type": "excel",
          "skill": "INDEX",
          "situation": "Management wants flexible data extraction based on dynamic positions.",
          "expectedAnswer": "=INDEX(B:B,MATCH(A2,A:A,0))",
          "validationType": "formula",
          "points": 130,
          "timeLimit": 35
        },
        {
          "taskId": 9,
          "type": "ppt",
          "skill": "Professional Formatting",
          "situation": "Ensure slides follow corporate alignment standards.",
          "expectedAnswer": "Align Center",
          "validationType": "text",
          "points": 90,
          "timeLimit": 25
        },
        {
          "taskId": 10,
          "type": "ppt",
          "skill": "Manager Review",
          "situation": "Finalize a clean, error-free report for management review.",
          "expectedAnswer": "Review Completed",
          "validationType": "text",
          "points": 150,
          "timeLimit": 30
        }
      ]
    },
    {
      "level": 5,
      "careerStage": "Team Lead",
      "difficulty": "Hard",
      "theme": "Business Decisions",
      "tasks": [
        {
          "taskId": 1,
          "type": "excel",
          "skill": "Nested IF",
          "situation": "Rate employee performance based on sales targets and attendance.",
          "expectedAnswer": "=IF(B2>90,\"Excellent\",IF(B2>70,\"Good\",\"Needs Improvement\"))",
          "validationType": "formula",
          "points": 150,
          "timeLimit": 45
        },
        {
          "taskId": 2,
          "type": "excel",
          "skill": "AND",
          "situation": "Identify employees eligible for incentives based on multiple criteria.",
          "expectedAnswer": "=IF(AND(B2>50000,C2>90),\"Eligible\",\"Not Eligible\")",
          "validationType": "formula",
          "points": 150,
          "timeLimit": 45
        },
        {
          "taskId": 3,
          "type": "ppt",
          "skill": "Storytelling",
          "situation": "Convert raw performance data into a clear story for leadership.",
          "expectedAnswer": "Performance Story",
          "validationType": "text",
          "points": 120,
          "timeLimit": 30
        }
      ]
    },
    {
      "level": 6,
      "careerStage": "Manager",
      "difficulty": "Very Hard",
      "theme": "Automation & Accuracy",
      "tasks": [
        {
          "taskId": 1,
          "type": "excel",
          "skill": "Data Validation",
          "situation": "Prevent incorrect employee ID entries in records.",
          "expectedAnswer": "Data Validation",
          "validationType": "text",
          "points": 160,
          "timeLimit": 40
        },
        {
          "taskId": 2,
          "type": "excel",
          "skill": "Remove Duplicates",
          "situation": "Clean duplicate client records before audit.",
          "expectedAnswer": "Remove Duplicates",
          "validationType": "text",
          "points": 160,
          "timeLimit": 40
        }
      ]
    },
    {
      "level": 7,
      "careerStage": "Executive",
      "difficulty": "Expert",
      "theme": "Board-Level Decisions",
      "tasks": [
        {
          "taskId": 1,
          "type": "excel",
          "skill": "Trend Analysis",
          "situation": "Analyze yearly company performance and identify profit trends.",
          "expectedAnswer": "Trend Identified",
          "validationType": "text",
          "points": 200,
          "timeLimit": 45
        },
        {
          "taskId": 2,
          "type": "ppt",
          "skill": "Executive Deck",
          "situation": "Prepare a concise, impactful presentation for the Board of Directors.",
          "expectedAnswer": "Executive Summary",
          "validationType": "text",
          "points": 250,
          "timeLimit": 45
        }
      ]
    }
  ]
}